,age,sex,bmi,bp,s1,s2,s3,s4,s5,s6
0,0.023653054905296806,-0.01114937890234194,-0.022067509181546045,-0.026775596630522546,0.06979279852007395,0.005282028081422236,-0.028652695820447466,-0.05813541190338203,0.03516507523787678,-0.03427829563784327
1,-0.006584014341484989,0.07520061026225681,-0.0221776073128696,-0.0482300533492583,-0.010751252404120752,-0.054809217972490595,0.08820372307185413,0.009945885476416906,0.008160394342379638,-0.02193517956951369
2,0.03084231133812823,0.03654451091204331,0.011522012931715684,0.014964158695012986,0.0032156287946630236,0.017890381825984427,-0.0006427249875206687,-0.09331762494665599,-0.005507061066106599,0.050339153629472215
3,0.07252523125752505,-0.02235592313975964,-0.09110858307894297,-0.04323924169148626,-0.0678451517244503,-0.028601842377085927,-0.050367187093138095,-0.06324695470944908,-0.014338271218537469,0.01636277569373628
4,-0.011150160701111245,0.02583619255171263,-0.08213894440538273,-0.06725255720644246,-0.025922986882151552,-0.013890178561584577,0.03916880533824707,0.00937434456519634,-0.07040580906511548,-0.08395429311251117
